,,,,,
,,,,,images/christchurch-womens-prison-16-640x640.jpg
,,,,,images/manawatu-prison-16-640x640.jpg
,,,,,images/invercargill-prison-16-640x640.jpg
,,,,,images/hawkes-bay-regional-prison-16-640x640.jpg
,,,,,images/tongariro-prison-16-640x640.jpg
,,,,,images/whanganui-prison-16-640x640.jpg
,,,,,images/addington-prison-16-640x640.jpg
,,,,,images/rolleston-prison-16-640x640.jpg
,,,,,images/napier-prison-16-640x640.jpg
,,,,,images/christchurch-mens-prison-16-640x640.jpg
,,,,,images/waikeria-prison-16-640x640.jpg
,,,,,images/wellington-prison-16-640x640.jpg
,,,,,images/auckland-prison-16-640x640.jpg
,,,,,images/-16-640x640.jpg
,,,,,images/auckland-region-womens-corrections-facility-16-640x640.jpg
,,,,,images/rimutaka-prison-16-640x640.jpg
,,,,,images/spring-hill-corrections-facility-16-640x640.jpg
,,,,,images/otago-corrections-facility-16-640x640.jpg
,,,,,images/northland-region-corrections-facility-16-640x640.jpg
,,,,,images/dunedin-prison-16-640x640.jpg
,,,,,images/arohata-prison-16-640x640.jpg
,,,,,images/mt-eden-corrections-facility-16-640x640.jpg
,,,,,images/auckland-south-corrections-facility-16-640x640.jpg
